,source,target,weight
0,green,health,1
1,green,living,1
2,green,sustainability,1
3,green,energy,1
4,green,conservation,1
5,green,climatechange,1
6,green,ocean,1
7,green,renewables,1
8,green,globalwarming,1
9,green,decarbonizingenergy,1
10,green,emissions,1
11,green,biodiversity,1
12,green,carbon,1
13,innovationfund,cleantech,1
14,innovationfund,eugreendeal,1
15,innovationfund,euadaptationstrategy,1
16,innovationfund,climatechange,1
17,innovationfund,CleanTech,1
18,innovationfund,buildbackbetter,1
19,innovationfund,greenrecovery,1
20,innovationfund,climateresilienteurope,1
21,innovationfund,euhaveyoursay,1
22,innovationfund,climateneutraleu,1
23,escazuya,climatestrikeonline,1
24,escazuya,climatechange,1
25,escazuya,stayhomestaysafe,1
26,escazuya,climatejustice,1
27,escazuya,myfuture,1
28,escazuya,deforestation,1
29,escazuya,climatechangeisreal,1
30,escazuya,fridaysforfuture,1
31,escazuya,schoolstrike4climate,1
32,escazuya,onebilliontreesforafrica,1
33,escazuya,actonsahel,1
34,escazuya,FridaysForFuture,1
35,escazuya,facetheclimateemergency,1
36,escazuya,climatestrike,1
37,escazuya,fridaythoughts,1
38,escazuya,climate,1
39,assam,airpollution,1
40,assam,floods,1
41,assam,future,1
42,assam,walking,1
43,assam,bicycle,1
44,assam,smogtowers,1
45,assam,climatecrisis,1
46,assam,bihar,1
47,assam,actnow,1
48,assam,climateemergency,1
49,assam,climateaction,1
50,assam,climatebreakdown,1
51,assam,ebikes,1
52,assam,resetforbiking,1
53,assam,deforestation,1
54,assam,fridaysforfuture,1
55,assam,covid19,1
56,assam,bikelife,1
57,assam,cycling,1
58,assam,delhi,1
59,assam,FridaysForFuture,1
60,assam,climatestrike,1
61,assam,eia2020draft,1
62,assam,drought,1
63,actonclimate,technology,1
64,actonclimate,solarpanels,1
65,actonclimate,sayno2plastic,1
66,actonclimate,bees,1
67,actonclimate,climateemergency,1
68,actonclimate,climateaction,2
69,actonclimate,environmental,1
70,actonclimate,panelsnotpipelines,1
71,actonclimate,crafting,1
72,actonclimate,energy,2
73,actonclimate,greenplanet,1
74,actonclimate,wealthinequality,1
75,actonclimate,sharingsolutions,1
76,actonclimate,greenenergy,1
77,actonclimate,insect,1
78,actonclimate,renewableenergy,2
79,actonclimate,enduselesspackaging,1
80,actonclimate,fornature,1
81,actonclimate,showers,1
82,actonclimate,climate,2
83,actonclimate,climatechange,2
84,actonclimate,sustainable,2
85,actonclimate,singleuseplastic,1
86,actonclimate,globalwarming,1
87,actonclimate,solarenergy,1
88,actonclimate,ashtag,1
89,actonclimate,vinegar,1
90,actonclimate,water,1
91,actonclimate,emails,1
92,actonclimate,deforestation,2
93,actonclimate,renewables,2
94,actonclimate,tech,1
95,actonclimate,biodiversity,1
96,actonclimate,garbagepatch,1
97,actonclimate,environmentallyfriendly,1
98,actonclimate,antarctica,1
99,actonclimate,wrapping,1
100,actonclimate,plasticfree,1
101,actonclimate,storage,1
102,actonclimate,solar,1
103,actonclimate,actnow,1
104,actonclimate,justrecovery,1
105,actonclimate,go100re,1
106,actonclimate,cleanenergy,1
107,actonclimate,book,1
108,actonclimate,action,1
109,actonclimate,naturenow,1
110,actonclimate,bee,1
111,actonclimate,CleanTech,1
112,actonclimate,denmark,1
113,actonclimate,wasteless,1
114,actonclimate,ecocide,1
115,actonclimate,climateemergenecy,1
116,actonclimate,keepitintheground,1
117,actonclimate,cleantech,1
118,actonclimate,flowers,1
119,actonclimate,greennewdeal,1
120,actonclimate,climatecrisis,3
121,actonclimate,zerowaste,1
122,actonclimate,savetheplanet,1
123,actonclimate,sdgs,1
124,actonclimate,emissions,1
125,actonclimate,actonclimatechange,1
126,actonclimate,wind,1
127,actonclimate,greenhouse,1
128,actonclimate,pollution,1
129,actonclimate,365sustainabledecisions,1
130,actonclimate,sustainability,2
131,actonclimate,art,1
132,actonclimate,upcycling,1
133,actonclimate,cdnpoli,1
134,actonclimate,climatestrike,1
135,actonclimate,insects,1
136,actonclimate,questionnaire,1
137,sayno2plastic,wrapping,1
138,sayno2plastic,plasticfree,1
139,sayno2plastic,storage,1
140,sayno2plastic,actnow,1
141,sayno2plastic,bees,1
142,sayno2plastic,climateaction,1
143,sayno2plastic,crafting,1
144,sayno2plastic,energy,1
145,sayno2plastic,greenplanet,1
146,sayno2plastic,book,1
147,sayno2plastic,sharingsolutions,1
148,sayno2plastic,naturenow,1
149,sayno2plastic,bee,1
150,sayno2plastic,questionnaire,1
151,sayno2plastic,insect,1
152,sayno2plastic,fornature,1
153,sayno2plastic,showers,1
154,sayno2plastic,flowers,1
155,sayno2plastic,sustainable,1
156,sayno2plastic,singleuseplastic,1
157,sayno2plastic,climatecrisis,1
158,sayno2plastic,zerowaste,1
159,sayno2plastic,savetheplanet,1
160,sayno2plastic,sdgs,1
161,sayno2plastic,ashtag,1
162,sayno2plastic,vinegar,1
163,sayno2plastic,water,1
164,sayno2plastic,actonclimatechange,1
165,sayno2plastic,emails,1
166,sayno2plastic,365sustainabledecisions,1
167,sayno2plastic,sustainability,1
168,sayno2plastic,art,1
169,sayno2plastic,upcycling,1
170,sayno2plastic,insects,1
171,sayno2plastic,environmentallyfriendly,1
172,plasticfreeamazon,ocean,1
173,plasticfreeamazon,plasticpollution,1
174,plasticfreeamazon,amazon,1
175,plasticfreeamazon,breakfreefromplastic,1
176,plasticfreeamazon,protectourcoast,1
177,plasticfreeamazon,plasticfree,1
178,plasticfreeamazon,microplastics,1
179,plasticfreeamazon,biodiversity,1
180,competition,win,1
181,competition,vegan,1
182,competition,giveaway,1
183,competition,chocolate,1
184,competition,plantbased,1
185,competition,plasticfree,1
186,bees,wrapping,1
187,bees,plasticfree,1
188,bees,storage,1
189,bees,actnow,1
190,bees,climateaction,1
191,bees,crafting,1
192,bees,energy,1
193,bees,greenplanet,1
194,bees,book,1
195,bees,sharingsolutions,1
196,bees,naturenow,1
197,bees,bee,1
198,bees,questionnaire,1
199,bees,insect,1
200,bees,fornature,1
201,bees,showers,1
202,bees,flowers,1
203,bees,sustainable,1
204,bees,singleuseplastic,1
205,bees,climatecrisis,1
206,bees,zerowaste,1
207,bees,savetheplanet,1
208,bees,sdgs,1
209,bees,ashtag,1
210,bees,vinegar,1
211,bees,water,1
212,bees,actonclimatechange,1
213,bees,emails,1
214,bees,365sustainabledecisions,1
215,bees,sustainability,1
216,bees,art,1
217,bees,upcycling,1
218,bees,insects,1
219,bees,environmentallyfriendly,1
220,climateemergency,technology,1
221,climateemergency,floods,1
222,climateemergency,future,1
223,climateemergency,antarctica,1
224,climateemergency,smogtowers,1
225,climateemergency,solarpanels,1
226,climateemergency,solar,1
227,climateemergency,bihar,1
228,climateemergency,justrecovery,1
229,climateemergency,actnow,1
230,climateemergency,climateaction,2
231,climateemergency,go100re,1
232,climateemergency,panelsnotpipelines,1
233,climateemergency,climatebreakdown,1
234,climateemergency,energy,1
235,climateemergency,wealthinequality,1
236,climateemergency,fridaysforfuture,2
237,climateemergency,cleanenergy,1
238,climateemergency,action,1
239,climateemergency,covid19,1
240,climateemergency,bikelife,1
241,climateemergency,CleanTech,1
242,climateemergency,greenenergy,1
243,climateemergency,makeecocideacrime,1
244,climateemergency,facetheclimateemergency,1
245,climateemergency,renewableenergy,1
246,climateemergency,wasteless,1
247,climateemergency,enduselesspackaging,1
248,climateemergency,denmark,1
249,climateemergency,climateemergenecy,1
250,climateemergency,keepitintheground,1
251,climateemergency,climate,1
252,climateemergency,airpollution,1
253,climateemergency,cleantech,1
254,climateemergency,walking,1
255,climateemergency,bicycle,1
256,climateemergency,climatechange,1
257,climateemergency,greennewdeal,1
258,climateemergency,climatecrisis,2
259,climateemergency,sustainable,1
260,climateemergency,solarenergy,1
261,climateemergency,wind,1
262,climateemergency,ebikes,1
263,climateemergency,resetforbiking,1
264,climateemergency,sustainability,1
265,climateemergency,deforestation,2
266,climateemergency,schoolstrike4climate,1
267,climateemergency,renewables,1
268,climateemergency,cycling,1
269,climateemergency,cdnpoli,1
270,climateemergency,FridaysForFuture,2
271,climateemergency,delhi,1
272,climateemergency,climatestrike,3
273,climateemergency,eia2020draft,1
274,climateemergency,tech,1
275,climateemergency,garbagepatch,1
276,climateemergency,drought,1
277,climateaction,technology,1
278,climateaction,smogtowers,1
279,climateaction,solarpanels,1
280,climateaction,panelsnotpipelines,1
281,climateaction,crafting,1
282,climateaction,energy,2
283,climateaction,greenplanet,1
284,climateaction,wealthinequality,1
285,climateaction,sharingsolutions,1
286,climateaction,greenenergy,1
287,climateaction,insect,1
288,climateaction,renewableenergy,1
289,climateaction,enduselesspackaging,1
290,climateaction,showers,1
291,climateaction,airpollution,1
292,climateaction,fornature,1
293,climateaction,climate,1
294,climateaction,bicycle,1
295,climateaction,climatechange,1
296,climateaction,sustainable,2
297,climateaction,singleuseplastic,1
298,climateaction,solarenergy,1
299,climateaction,ashtag,1
300,climateaction,vinegar,1
301,climateaction,water,1
302,climateaction,emails,1
303,climateaction,deforestation,2
304,climateaction,renewables,1
305,climateaction,delhi,1
306,climateaction,FridaysForFuture,1
307,climateaction,eia2020draft,1
308,climateaction,tech,1
309,climateaction,garbagepatch,1
310,climateaction,environmentallyfriendly,1
311,climateaction,floods,1
312,climateaction,future,1
313,climateaction,antarctica,1
314,climateaction,wrapping,1
315,climateaction,plasticfree,1
316,climateaction,storage,1
317,climateaction,bihar,1
318,climateaction,solar,1
319,climateaction,actnow,2
320,climateaction,justrecovery,1
321,climateaction,go100re,1
322,climateaction,climatebreakdown,1
323,climateaction,fridaysforfuture,1
324,climateaction,cleanenergy,1
325,climateaction,book,1
326,climateaction,covid19,1
327,climateaction,action,1
328,climateaction,naturenow,1
329,climateaction,bikelife,1
330,climateaction,bee,1
331,climateaction,CleanTech,1
332,climateaction,denmark,1
333,climateaction,wasteless,1
334,climateaction,climateemergenecy,1
335,climateaction,cleantech,1
336,climateaction,flowers,1
337,climateaction,walking,1
338,climateaction,greennewdeal,1
339,climateaction,climatecrisis,3
340,climateaction,zerowaste,1
341,climateaction,savetheplanet,1
342,climateaction,sdgs,1
343,climateaction,actonclimatechange,1
344,climateaction,wind,1
345,climateaction,ebikes,1
346,climateaction,resetforbiking,1
347,climateaction,365sustainabledecisions,1
348,climateaction,sustainability,2
349,climateaction,art,1
350,climateaction,upcycling,1
351,climateaction,cycling,1
352,climateaction,cdnpoli,1
353,climateaction,climatestrike,2
354,climateaction,insects,1
355,climateaction,questionnaire,1
356,climateaction,drought,1
357,myfuture,climatestrikeonline,1
358,myfuture,climatechange,1
359,myfuture,stayhomestaysafe,1
360,myfuture,climatejustice,1
361,myfuture,deforestation,1
362,myfuture,climatechangeisreal,1
363,myfuture,fridaysforfuture,1
364,myfuture,schoolstrike4climate,1
365,myfuture,onebilliontreesforafrica,1
366,myfuture,actonsahel,1
367,myfuture,FridaysForFuture,1
368,myfuture,facetheclimateemergency,1
369,myfuture,climatestrike,1
370,myfuture,fridaythoughts,1
371,myfuture,climate,1
372,panelsnotpipelines,technology,1
373,panelsnotpipelines,antarctica,1
374,panelsnotpipelines,solarpanels,1
375,panelsnotpipelines,solar,1
376,panelsnotpipelines,justrecovery,1
377,panelsnotpipelines,go100re,1
378,panelsnotpipelines,energy,1
379,panelsnotpipelines,wealthinequality,1
380,panelsnotpipelines,cleanenergy,1
381,panelsnotpipelines,action,1
382,panelsnotpipelines,CleanTech,1
383,panelsnotpipelines,greenenergy,1
384,panelsnotpipelines,denmark,1
385,panelsnotpipelines,renewableenergy,1
386,panelsnotpipelines,wasteless,1
387,panelsnotpipelines,enduselesspackaging,1
388,panelsnotpipelines,climateemergenecy,1
389,panelsnotpipelines,climate,1
390,panelsnotpipelines,cleantech,1
391,panelsnotpipelines,climatechange,1
392,panelsnotpipelines,greennewdeal,1
393,panelsnotpipelines,climatecrisis,1
394,panelsnotpipelines,sustainable,1
395,panelsnotpipelines,solarenergy,1
396,panelsnotpipelines,wind,1
397,panelsnotpipelines,sustainability,1
398,panelsnotpipelines,deforestation,1
399,panelsnotpipelines,renewables,1
400,panelsnotpipelines,cdnpoli,1
401,panelsnotpipelines,climatestrike,1
402,panelsnotpipelines,tech,1
403,panelsnotpipelines,garbagepatch,1
404,energy,technology,1
405,energy,solarpanels,1
406,energy,crafting,1
407,energy,greenplanet,1
408,energy,wealthinequality,1
409,energy,sharingsolutions,1
410,energy,greenenergy,1
411,energy,renewableenergy,1
412,energy,enduselesspackaging,1
413,energy,insect,1
414,energy,showers,1
415,energy,climate,1
416,energy,fornature,1
417,energy,climatechange,2
418,energy,ocean,1
419,energy,sustainable,2
420,energy,singleuseplastic,1
421,energy,solarenergy,1
422,energy,globalwarming,1
423,energy,ashtag,1
424,energy,vinegar,1
425,energy,water,1
426,energy,emails,1
427,energy,living,1
428,energy,deforestation,1
429,energy,renewables,2
430,energy,tech,1
431,energy,biodiversity,1
432,energy,environmentallyfriendly,1
433,energy,garbagepatch,1
434,energy,antarctica,1
435,energy,wrapping,1
436,energy,decarbonizingenergy,1
437,energy,plasticfree,1
438,energy,storage,1
439,energy,solar,1
440,energy,carbon,1
441,energy,actnow,1
442,energy,justrecovery,1
443,energy,go100re,1
444,energy,cleanenergy,1
445,energy,book,1
446,energy,action,1
447,energy,naturenow,1
448,energy,bee,1
449,energy,CleanTech,1
450,energy,denmark,1
451,energy,wasteless,1
452,energy,climateemergenecy,1
453,energy,cleantech,1
454,energy,flowers,1
455,energy,greennewdeal,1
456,energy,climatecrisis,2
457,energy,zerowaste,1
458,energy,savetheplanet,1
459,energy,sdgs,1
460,energy,emissions,1
461,energy,actonclimatechange,1
462,energy,wind,1
463,energy,health,1
464,energy,sustainability,3
465,energy,365sustainabledecisions,1
466,energy,conservation,1
467,energy,art,1
468,energy,upcycling,1
469,energy,cdnpoli,1
470,energy,climatestrike,1
471,energy,insects,1
472,energy,questionnaire,1
473,wealthinequality,technology,1
474,wealthinequality,antarctica,1
475,wealthinequality,solarpanels,1
476,wealthinequality,solar,1
477,wealthinequality,justrecovery,1
478,wealthinequality,go100re,1
479,wealthinequality,cleanenergy,1
480,wealthinequality,action,1
481,wealthinequality,CleanTech,1
482,wealthinequality,greenenergy,1
483,wealthinequality,denmark,1
484,wealthinequality,renewableenergy,1
485,wealthinequality,wasteless,1
486,wealthinequality,enduselesspackaging,1
487,wealthinequality,climateemergenecy,1
488,wealthinequality,climate,1
489,wealthinequality,cleantech,1
490,wealthinequality,climatechange,1
491,wealthinequality,greennewdeal,1
492,wealthinequality,climatecrisis,1
493,wealthinequality,sustainable,1
494,wealthinequality,solarenergy,1
495,wealthinequality,wind,1
496,wealthinequality,sustainability,1
497,wealthinequality,deforestation,1
498,wealthinequality,renewables,1
499,wealthinequality,cdnpoli,1
500,wealthinequality,climatestrike,1
501,wealthinequality,tech,1
502,wealthinequality,garbagepatch,1
503,flattenthecurve,climatestrikeonline,1
504,flattenthecurve,fridaysforfuture,1
505,flattenthecurve,schoolstrike4climate,1
506,flattenthecurve,FridaysForFuture,1
507,flattenthecurve,facetheclimateemergency,1
508,flattenthecurve,stayathome,1
509,eco,greenindiachallage,1
510,eco,greenmitti,1
511,eco,jaihind,1
512,eco,seedganesha,1
513,eco,ecofriendly,1
514,buildbackbetter,cleantech,1
515,buildbackbetter,eugreendeal,1
516,buildbackbetter,euadaptationstrategy,1
517,buildbackbetter,climatechange,1
518,buildbackbetter,CleanTech,1
519,buildbackbetter,greenrecovery,1
520,buildbackbetter,climateresilienteurope,1
521,buildbackbetter,euhaveyoursay,1
522,buildbackbetter,climateneutraleu,1
523,insect,wrapping,1
524,insect,plasticfree,1
525,insect,storage,1
526,insect,actnow,1
527,insect,crafting,1
528,insect,greenplanet,1
529,insect,book,1
530,insect,sharingsolutions,1
531,insect,naturenow,1
532,insect,bee,1
533,insect,questionnaire,1
534,insect,fornature,1
535,insect,showers,1
536,insect,flowers,1
537,insect,sustainable,1
538,insect,singleuseplastic,1
539,insect,climatecrisis,1
540,insect,zerowaste,1
541,insect,savetheplanet,1
542,insect,sdgs,1
543,insect,ashtag,1
544,insect,vinegar,1
545,insect,water,1
546,insect,actonclimatechange,1
547,insect,emails,1
548,insect,365sustainabledecisions,1
549,insect,sustainability,1
550,insect,art,1
551,insect,upcycling,1
552,insect,insects,1
553,insect,environmentallyfriendly,1
554,renewableenergy,technology,1
555,renewableenergy,antarctica,1
556,renewableenergy,solarpanels,1
557,renewableenergy,industry40,1
558,renewableenergy,solar,1
559,renewableenergy,justrecovery,1
560,renewableenergy,ignoreresilientrecovery,1
561,renewableenergy,go100re,1
562,renewableenergy,environmental,1
563,renewableenergy,insane,1
564,renewableenergy,cleanenergy,1
565,renewableenergy,action,1
566,renewableenergy,CleanTech,1
567,renewableenergy,greenenergy,1
568,renewableenergy,denmark,1
569,renewableenergy,wasteless,1
570,renewableenergy,enduselesspackaging,1
571,renewableenergy,climateemergenecy,1
572,renewableenergy,ecocide,1
573,renewableenergy,keepitintheground,1
574,renewableenergy,innovation,1
575,renewableenergy,climate,3
576,renewableenergy,aatmanirbharbharat,1
577,renewableenergy,cleantech,1
578,renewableenergy,climatechange,3
579,renewableenergy,greentechnology,1
580,renewableenergy,projectlion,1
581,renewableenergy,greennewdeal,1
582,renewableenergy,climatecrisis,2
583,renewableenergy,sustainable,1
584,renewableenergy,newzealand,1
585,renewableenergy,dolphin,1
586,renewableenergy,solarenergy,1
587,renewableenergy,globalwarming,1
588,renewableenergy,emissions,1
589,renewableenergy,wind,1
590,renewableenergy,greenhouse,1
591,renewableenergy,pollution,1
592,renewableenergy,sustainability,2
593,renewableenergy,conservation,1
594,renewableenergy,deforestation,2
595,renewableenergy,renewables,4
596,renewableenergy,74thindependenceday,1
597,renewableenergy,cdnpoli,1
598,renewableenergy,dolphins,1
599,renewableenergy,climatestrike,1
600,renewableenergy,tech,2
601,renewableenergy,biodiversity,1
602,renewableenergy,garbagepatch,1
603,enduselesspackaging,technology,1
604,enduselesspackaging,antarctica,1
605,enduselesspackaging,solarpanels,1
606,enduselesspackaging,solar,1
607,enduselesspackaging,justrecovery,1
608,enduselesspackaging,go100re,1
609,enduselesspackaging,cleanenergy,1
610,enduselesspackaging,action,1
611,enduselesspackaging,CleanTech,1
612,enduselesspackaging,greenenergy,1
613,enduselesspackaging,denmark,1
614,enduselesspackaging,wasteless,1
615,enduselesspackaging,climateemergenecy,1
616,enduselesspackaging,climate,1
617,enduselesspackaging,cleantech,1
618,enduselesspackaging,climatechange,1
619,enduselesspackaging,greennewdeal,1
620,enduselesspackaging,climatecrisis,1
621,enduselesspackaging,sustainable,1
622,enduselesspackaging,solarenergy,1
623,enduselesspackaging,wind,1
624,enduselesspackaging,sustainability,1
625,enduselesspackaging,deforestation,1
626,enduselesspackaging,renewables,1
627,enduselesspackaging,cdnpoli,1
628,enduselesspackaging,climatestrike,1
629,enduselesspackaging,tech,1
630,enduselesspackaging,garbagepatch,1
631,showers,wrapping,1
632,showers,plasticfree,1
633,showers,storage,1
634,showers,actnow,1
635,showers,crafting,1
636,showers,greenplanet,1
637,showers,book,1
638,showers,sharingsolutions,1
639,showers,naturenow,1
640,showers,bee,1
641,showers,questionnaire,1
642,showers,fornature,1
643,showers,flowers,1
644,showers,sustainable,1
645,showers,singleuseplastic,1
646,showers,climatecrisis,1
647,showers,zerowaste,1
648,showers,savetheplanet,1
649,showers,sdgs,1
650,showers,ashtag,1
651,showers,vinegar,1
652,showers,water,1
653,showers,actonclimatechange,1
654,showers,emails,1
655,showers,365sustainabledecisions,1
656,showers,sustainability,1
657,showers,art,1
658,showers,upcycling,1
659,showers,insects,1
660,showers,environmentallyfriendly,1
661,airpollution,floods,1
662,airpollution,future,1
663,airpollution,walking,1
664,airpollution,bicycle,1
665,airpollution,smogtowers,1
666,airpollution,climatecrisis,1
667,airpollution,bihar,1
668,airpollution,actnow,1
669,airpollution,climatebreakdown,1
670,airpollution,ebikes,1
671,airpollution,resetforbiking,1
672,airpollution,deforestation,1
673,airpollution,fridaysforfuture,1
674,airpollution,covid19,1
675,airpollution,bikelife,1
676,airpollution,cycling,1
677,airpollution,delhi,1
678,airpollution,FridaysForFuture,1
679,airpollution,climatestrike,1
680,airpollution,eia2020draft,1
681,airpollution,drought,1
682,wildlife,calltoearth,1
683,wildlife,globalwarming,1
684,wildlife,sustainability,1
685,wildlife,microplastics,1
686,waste,treasure,1
687,singleuseplastic,wrapping,1
688,singleuseplastic,plasticfree,1
689,singleuseplastic,storage,1
690,singleuseplastic,actnow,1
691,singleuseplastic,crafting,1
692,singleuseplastic,greenplanet,1
693,singleuseplastic,book,1
694,singleuseplastic,sharingsolutions,1
695,singleuseplastic,naturenow,1
696,singleuseplastic,bee,1
697,singleuseplastic,questionnaire,1
698,singleuseplastic,fornature,1
699,singleuseplastic,flowers,1
700,singleuseplastic,sustainable,1
701,singleuseplastic,climatecrisis,1
702,singleuseplastic,zerowaste,1
703,singleuseplastic,savetheplanet,1
704,singleuseplastic,sdgs,1
705,singleuseplastic,ashtag,1
706,singleuseplastic,vinegar,1
707,singleuseplastic,water,1
708,singleuseplastic,actonclimatechange,1
709,singleuseplastic,emails,1
710,singleuseplastic,365sustainabledecisions,1
711,singleuseplastic,sustainability,1
712,singleuseplastic,art,1
713,singleuseplastic,upcycling,1
714,singleuseplastic,insects,1
715,singleuseplastic,environmentallyfriendly,1
716,solarenergy,technology,1
717,solarenergy,antarctica,1
718,solarenergy,solarpanels,1
719,solarenergy,solar,1
720,solarenergy,justrecovery,1
721,solarenergy,go100re,1
722,solarenergy,cleanenergy,1
723,solarenergy,action,1
724,solarenergy,CleanTech,1
725,solarenergy,greenenergy,1
726,solarenergy,denmark,1
727,solarenergy,wasteless,1
728,solarenergy,climateemergenecy,1
729,solarenergy,climate,1
730,solarenergy,cleantech,1
731,solarenergy,climatechange,1
732,solarenergy,greennewdeal,1
733,solarenergy,climatecrisis,1
734,solarenergy,sustainable,1
735,solarenergy,wind,1
736,solarenergy,sustainability,1
737,solarenergy,deforestation,1
738,solarenergy,renewables,1
739,solarenergy,cdnpoli,1
740,solarenergy,climatestrike,1
741,solarenergy,tech,1
742,solarenergy,garbagepatch,1
743,plantbased,win,1
744,plantbased,vegan,1
745,plantbased,giveaway,1
746,plantbased,chocolate,1
747,plantbased,plasticfree,1
748,microplastics,deforestation,1
749,microplastics,ocean,1
750,microplastics,plasticpollution,1
751,microplastics,amazon,1
752,microplastics,breakfreefromplastic,1
753,microplastics,protectourcoast,1
754,microplastics,globalwarming,2
755,microplastics,plasticfree,1
756,microplastics,calltoearth,1
757,microplastics,biodiversity,1
758,microplastics,climate,1
759,water,wrapping,1
760,water,plasticfree,1
761,water,storage,1
762,water,actnow,1
763,water,crafting,1
764,water,greenplanet,1
765,water,book,1
766,water,sharingsolutions,1
767,water,naturenow,1
768,water,bee,1
769,water,questionnaire,1
770,water,fornature,1
771,water,flowers,1
772,water,sustainable,1
773,water,climatecrisis,1
774,water,zerowaste,1
775,water,savetheplanet,1
776,water,sdgs,1
777,water,ashtag,1
778,water,vinegar,1
779,water,actonclimatechange,1
780,water,emails,1
781,water,365sustainabledecisions,1
782,water,sustainability,1
783,water,art,1
784,water,upcycling,1
785,water,insects,1
786,water,environmentallyfriendly,1
787,vegan,win,1
788,vegan,giveaway,1
789,vegan,chocolate,1
790,vegan,plasticfree,1
791,deforestation,technology,1
792,deforestation,smogtowers,1
793,deforestation,solarpanels,1
794,deforestation,environmental,1
795,deforestation,greenenergy,1
796,deforestation,climate,4
797,deforestation,climatestrikeonline,1
798,deforestation,climatechange,3
799,deforestation,bicycle,1
800,deforestation,sustainable,1
801,deforestation,globalwarming,2
802,deforestation,stayhomestaysafe,1
803,deforestation,renewables,2
804,deforestation,delhi,1
805,deforestation,FridaysForFuture,2
806,deforestation,eia2020draft,1
807,deforestation,tech,1
808,deforestation,fridaythoughts,1
809,deforestation,biodiversity,1
810,deforestation,garbagepatch,1
811,deforestation,floods,1
812,deforestation,future,1
813,deforestation,antarctica,1
814,deforestation,solar,1
815,deforestation,climatejustice,1
816,deforestation,justrecovery,1
817,deforestation,bihar,1
818,deforestation,actnow,1
819,deforestation,go100re,1
820,deforestation,climatebreakdown,1
821,deforestation,fridaysforfuture,2
822,deforestation,cleanenergy,1
823,deforestation,action,1
824,deforestation,covid19,1
825,deforestation,bikelife,1
826,deforestation,CleanTech,1
827,deforestation,actonsahel,1
828,deforestation,denmark,1
829,deforestation,facetheclimateemergency,1
830,deforestation,wasteless,1
831,deforestation,climateemergenecy,1
832,deforestation,ecocide,1
833,deforestation,keepitintheground,1
834,deforestation,cleantech,1
835,deforestation,walking,1
836,deforestation,greennewdeal,1
837,deforestation,climatecrisis,3
838,deforestation,emissions,1
839,deforestation,wind,1
840,deforestation,greenhouse,1
841,deforestation,pollution,1
842,deforestation,ebikes,1
843,deforestation,resetforbiking,1
844,deforestation,sustainability,1
845,deforestation,climatechangeisreal,1
846,deforestation,schoolstrike4climate,1
847,deforestation,onebilliontreesforafrica,1
848,deforestation,cycling,1
849,deforestation,cdnpoli,1
850,deforestation,climatestrike,3
851,deforestation,drought,1
852,amazon,ocean,1
853,amazon,plasticpollution,1
854,amazon,breakfreefromplastic,1
855,amazon,protectourcoast,1
856,amazon,plasticfree,1
857,amazon,biodiversity,1
858,74thindependenceday,aatmanirbharbharat,1
859,74thindependenceday,conservation,1
860,74thindependenceday,projectlion,1
861,74thindependenceday,dolphin,1
862,74thindependenceday,dolphins,1
863,FridaysForFuture,floods,1
864,FridaysForFuture,future,1
865,FridaysForFuture,smogtowers,1
866,FridaysForFuture,bihar,1
867,FridaysForFuture,climatejustice,1
868,FridaysForFuture,actnow,1
869,FridaysForFuture,climatebreakdown,1
870,FridaysForFuture,fridaysforfuture,5
871,FridaysForFuture,covid19,1
872,FridaysForFuture,bikelife,1
873,FridaysForFuture,actonsahel,1
874,FridaysForFuture,makeecocideacrime,1
875,FridaysForFuture,facetheclimateemergency,4
876,FridaysForFuture,keepitintheground,1
877,FridaysForFuture,climate,1
878,FridaysForFuture,stayathome,1
879,FridaysForFuture,walking,1
880,FridaysForFuture,climatestrikeonline,3
881,FridaysForFuture,climatechange,1
882,FridaysForFuture,bicycle,1
883,FridaysForFuture,climatecrisis,1
884,FridaysForFuture,stayhomestaysafe,1
885,FridaysForFuture,ebikes,1
886,FridaysForFuture,resetforbiking,1
887,FridaysForFuture,climatechangeisreal,1
888,FridaysForFuture,schoolstrike4climate,4
889,FridaysForFuture,onebilliontreesforafrica,1
890,FridaysForFuture,cycling,1
891,FridaysForFuture,delhi,1
892,FridaysForFuture,climatestrike,4
893,FridaysForFuture,eia2020draft,1
894,FridaysForFuture,fridaythoughts,1
895,FridaysForFuture,drought,1
896,tech,technology,1
897,tech,antarctica,1
898,tech,solarpanels,1
899,tech,industry40,1
900,tech,solar,1
901,tech,justrecovery,1
902,tech,go100re,1
903,tech,cleanenergy,1
904,tech,action,1
905,tech,CleanTech,1
906,tech,greenenergy,1
907,tech,denmark,1
908,tech,wasteless,1
909,tech,climateemergenecy,1
910,tech,innovation,1
911,tech,climate,1
912,tech,cleantech,1
913,tech,greentechnology,1
914,tech,climatechange,1
915,tech,newzealand,1
916,tech,greennewdeal,1
917,tech,climatecrisis,1
918,tech,sustainable,1
919,tech,wind,1
920,tech,sustainability,2
921,tech,renewables,1
922,tech,cdnpoli,1
923,tech,climatestrike,1
924,tech,garbagepatch,1
925,biodiversity,climatechange,4
926,biodiversity,ocean,2
927,biodiversity,plasticpollution,1
928,biodiversity,breakfreefromplastic,1
929,biodiversity,climatecrisis,1
930,biodiversity,globalwarming,2
931,biodiversity,decarbonizingenergy,1
932,biodiversity,plasticfree,1
933,biodiversity,carbon,1
934,biodiversity,emissions,3
935,biodiversity,environmental,1
936,biodiversity,greenhouse,1
937,biodiversity,pollution,2
938,biodiversity,health,1
939,biodiversity,living,1
940,biodiversity,sustainability,1
941,biodiversity,conservation,2
942,biodiversity,renewables,2
943,biodiversity,protectourcoast,1
944,biodiversity,ecocide,1
945,biodiversity,keepitintheground,1
946,biodiversity,climate,3
947,worldenvironmentday2020,reducereuserecycle,1
948,future,floods,1
949,future,walking,1
950,future,bicycle,1
951,future,smogtowers,1
952,future,climatecrisis,1
953,future,bihar,1
954,future,actnow,1
955,future,climatebreakdown,1
956,future,ebikes,1
957,future,resetforbiking,1
958,future,fridaysforfuture,1
959,future,covid19,1
960,future,bikelife,1
961,future,cycling,1
962,future,delhi,1
963,future,climatestrike,1
964,future,eia2020draft,1
965,future,drought,1
966,trashmaid,mermaid,1
967,trashmaid,thelittletrashmaid,1
968,trashmaid,savetheplanet,1
969,pawannkalyanbirthdaycdp,conservation,1
970,plasticpollution,ocean,2
971,plasticpollution,breakfreefromplastic,1
972,plasticpollution,mothernature,1
973,plasticpollution,protectourcoast,1
974,plasticpollution,plasticfree,2
975,plasticpollution,safaikarmachari,1
976,mothernature,ocean,1
977,mothernature,safaikarmachari,1
978,mothernature,plasticfree,1
979,chocolate,win,1
980,chocolate,giveaway,1
981,chocolate,plasticfree,1
982,decarbonizingenergy,health,1
983,decarbonizingenergy,living,1
984,decarbonizingenergy,sustainability,1
985,decarbonizingenergy,conservation,1
986,decarbonizingenergy,climatechange,1
987,decarbonizingenergy,ocean,1
988,decarbonizingenergy,renewables,1
989,decarbonizingenergy,globalwarming,1
990,decarbonizingenergy,emissions,1
991,decarbonizingenergy,carbon,1
992,plasticfree,breakfreefromplastic,1
993,plasticfree,wrapping,1
994,plasticfree,storage,1
995,plasticfree,actnow,1
996,plasticfree,crafting,1
997,plasticfree,greenplanet,1
998,plasticfree,book,1
999,plasticfree,sharingsolutions,1
1000,plasticfree,naturenow,1
1001,plasticfree,bee,1
1002,plasticfree,questionnaire,1
1003,plasticfree,safaikarmachari,1
1004,plasticfree,fornature,1
1005,plasticfree,flowers,1
1006,plasticfree,ocean,2
1007,plasticfree,giveaway,1
1008,plasticfree,sustainable,1
1009,plasticfree,climatecrisis,1
1010,plasticfree,zerowaste,1
1011,plasticfree,savetheplanet,1
1012,plasticfree,sdgs,1
1013,plasticfree,ashtag,1
1014,plasticfree,vinegar,1
1015,plasticfree,actonclimatechange,1
1016,plasticfree,emails,1
1017,plasticfree,win,1
1018,plasticfree,365sustainabledecisions,1
1019,plasticfree,sustainability,1
1020,plasticfree,upcycling,1
1021,plasticfree,art,1
1022,plasticfree,protectourcoast,1
1023,plasticfree,insects,1
1024,plasticfree,environmentallyfriendly,1
1025,organic,sustainability,1
1026,organic,cauverycalling,1
1027,greenrecovery,cleantech,1
1028,greenrecovery,eugreendeal,1
1029,greenrecovery,euadaptationstrategy,1
1030,greenrecovery,climatechange,1
1031,greenrecovery,CleanTech,1
1032,greenrecovery,climateresilienteurope,1
1033,greenrecovery,euhaveyoursay,1
1034,greenrecovery,climateneutraleu,1
1035,bihar,floods,1
1036,bihar,walking,1
1037,bihar,bicycle,1
1038,bihar,smogtowers,1
1039,bihar,climatecrisis,1
1040,bihar,actnow,1
1041,bihar,climatebreakdown,1
1042,bihar,ebikes,1
1043,bihar,resetforbiking,1
1044,bihar,fridaysforfuture,1
1045,bihar,covid19,1
1046,bihar,bikelife,1
1047,bihar,cycling,1
1048,bihar,delhi,1
1049,bihar,climatestrike,1
1050,bihar,eia2020draft,1
1051,bihar,drought,1
1052,climatejustice,climatestrikeonline,1
1053,climatejustice,climatechange,1
1054,climatejustice,stayhomestaysafe,1
1055,climatejustice,climatechangeisreal,1
1056,climatejustice,fridaysforfuture,1
1057,climatejustice,schoolstrike4climate,1
1058,climatejustice,onebilliontreesforafrica,1
1059,climatejustice,actonsahel,1
1060,climatejustice,facetheclimateemergency,1
1061,climatejustice,climatestrike,1
1062,climatejustice,fridaythoughts,1
1063,climatejustice,climate,1
1064,actnow,floods,1
1065,actnow,smogtowers,1
1066,actnow,wrapping,1
1067,actnow,storage,1
1068,actnow,climatebreakdown,1
1069,actnow,crafting,1
1070,actnow,greenplanet,1
1071,actnow,fridaysforfuture,1
1072,actnow,book,1
1073,actnow,covid19,1
1074,actnow,sharingsolutions,1
1075,actnow,naturenow,1
1076,actnow,bee,1
1077,actnow,bikelife,1
1078,actnow,questionnaire,1
1079,actnow,fornature,1
1080,actnow,flowers,1
1081,actnow,walking,1
1082,actnow,bicycle,1
1083,actnow,sustainable,1
1084,actnow,climatecrisis,2
1085,actnow,zerowaste,1
1086,actnow,savetheplanet,1
1087,actnow,sdgs,1
1088,actnow,ashtag,1
1089,actnow,vinegar,1
1090,actnow,actonclimatechange,1
1091,actnow,emails,1
1092,actnow,ebikes,1
1093,actnow,resetforbiking,1
1094,actnow,365sustainabledecisions,1
1095,actnow,sustainability,1
1096,actnow,art,1
1097,actnow,upcycling,1
1098,actnow,cycling,1
1099,actnow,delhi,1
1100,actnow,climatestrike,1
1101,actnow,eia2020draft,1
1102,actnow,insects,1
1103,actnow,environmentallyfriendly,1
1104,actnow,drought,1
1105,go100re,technology,1
1106,go100re,antarctica,1
1107,go100re,solarpanels,1
1108,go100re,solar,1
1109,go100re,justrecovery,1
1110,go100re,cleanenergy,1
1111,go100re,action,1
1112,go100re,CleanTech,1
1113,go100re,greenenergy,1
1114,go100re,denmark,1
1115,go100re,wasteless,1
1116,go100re,climateemergenecy,1
1117,go100re,climate,1
1118,go100re,cleantech,1
1119,go100re,climatechange,1
1120,go100re,greennewdeal,1
1121,go100re,climatecrisis,1
1122,go100re,sustainable,1
1123,go100re,wind,1
1124,go100re,sustainability,1
1125,go100re,renewables,1
1126,go100re,cdnpoli,1
1127,go100re,climatestrike,1
1128,go100re,garbagepatch,1
1129,insane,climatechange,1
1130,insane,renewables,1
1131,insane,ignoreresilientrecovery,1
1132,insane,climate,1
1133,climatebreakdown,floods,1
1134,climatebreakdown,walking,1
1135,climatebreakdown,bicycle,1
1136,climatebreakdown,smogtowers,1
1137,climatebreakdown,climatecrisis,1
1138,climatebreakdown,ebikes,1
1139,climatebreakdown,resetforbiking,1
1140,climatebreakdown,fridaysforfuture,1
1141,climatebreakdown,covid19,1
1142,climatebreakdown,bikelife,1
1143,climatebreakdown,cycling,1
1144,climatebreakdown,delhi,1
1145,climatebreakdown,climatestrike,1
1146,climatebreakdown,eia2020draft,1
1147,climatebreakdown,drought,1
1148,mermaid,thelittletrashmaid,1
1149,mermaid,savetheplanet,1
1150,nikai,conservation,1
1151,nikai,boop,1
1152,cleanenergy,technology,1
1153,cleanenergy,antarctica,1
1154,cleanenergy,solarpanels,1
1155,cleanenergy,solar,1
1156,cleanenergy,justrecovery,1
1157,cleanenergy,action,1
1158,cleanenergy,CleanTech,1
1159,cleanenergy,greenenergy,1
1160,cleanenergy,denmark,1
1161,cleanenergy,wasteless,1
1162,cleanenergy,climateemergenecy,1
1163,cleanenergy,climate,1
1164,cleanenergy,cleantech,1
1165,cleanenergy,climatechange,1
1166,cleanenergy,greennewdeal,1
1167,cleanenergy,climatecrisis,1
1168,cleanenergy,sustainable,1
1169,cleanenergy,wind,1
1170,cleanenergy,sustainability,1
1171,cleanenergy,renewables,1
1172,cleanenergy,cdnpoli,1
1173,cleanenergy,climatestrike,1
1174,cleanenergy,garbagepatch,1
1175,action,technology,1
1176,action,antarctica,1
1177,action,solarpanels,1
1178,action,solar,1
1179,action,justrecovery,1
1180,action,CleanTech,1
1181,action,greenenergy,1
1182,action,denmark,1
1183,action,wasteless,1
1184,action,climateemergenecy,1
1185,action,climate,1
1186,action,cleantech,1
1187,action,climatechange,1
1188,action,greennewdeal,1
1189,action,climatecrisis,1
1190,action,sustainable,1
1191,action,wind,1
1192,action,sustainability,1
1193,action,renewables,1
1194,action,cdnpoli,1
1195,action,climatestrike,1
1196,action,garbagepatch,1
1197,covid19,floods,1
1198,covid19,walking,1
1199,covid19,bicycle,1
1200,covid19,smogtowers,1
1201,covid19,climatecrisis,1
1202,covid19,ebikes,1
1203,covid19,resetforbiking,1
1204,covid19,fridaysforfuture,1
1205,covid19,bikelife,1
1206,covid19,cycling,1
1207,covid19,delhi,1
1208,covid19,climatestrike,1
1209,covid19,eia2020draft,1
1210,covid19,drought,1
1211,bee,wrapping,1
1212,bee,storage,1
1213,bee,crafting,1
1214,bee,greenplanet,1
1215,bee,book,1
1216,bee,sharingsolutions,1
1217,bee,naturenow,1
1218,bee,questionnaire,1
1219,bee,fornature,1
1220,bee,flowers,1
1221,bee,sustainable,1
1222,bee,climatecrisis,1
1223,bee,zerowaste,1
1224,bee,savetheplanet,1
1225,bee,sdgs,1
1226,bee,ashtag,1
1227,bee,vinegar,1
1228,bee,actonclimatechange,1
1229,bee,emails,1
1230,bee,365sustainabledecisions,1
1231,bee,sustainability,1
1232,bee,art,1
1233,bee,upcycling,1
1234,bee,insects,1
1235,bee,environmentallyfriendly,1
1236,actonsahel,climatestrikeonline,1
1237,actonsahel,climatechange,1
1238,actonsahel,stayhomestaysafe,1
1239,actonsahel,climatechangeisreal,1
1240,actonsahel,fridaysforfuture,1
1241,actonsahel,schoolstrike4climate,1
1242,actonsahel,onebilliontreesforafrica,1
1243,actonsahel,facetheclimateemergency,1
1244,actonsahel,climatestrike,1
1245,actonsahel,fridaythoughts,1
1246,actonsahel,climate,1
1247,makeecocideacrime,fridaysforfuture,1
1248,makeecocideacrime,schoolstrike4climate,1
1249,makeecocideacrime,keepitintheground,1
1250,makeecocideacrime,climatestrike,1
1251,makeecocideacrime,facetheclimateemergency,1
1252,facetheclimateemergency,climatestrikeonline,3
1253,facetheclimateemergency,climatechange,1
1254,facetheclimateemergency,climatestrike,3
1255,facetheclimateemergency,stayhomestaysafe,1
1256,facetheclimateemergency,stayathome,1
1257,facetheclimateemergency,climatechangeisreal,1
1258,facetheclimateemergency,fridaysforfuture,4
1259,facetheclimateemergency,schoolstrike4climate,4
1260,facetheclimateemergency,onebilliontreesforafrica,1
1261,facetheclimateemergency,fridaythoughts,1
1262,facetheclimateemergency,keepitintheground,1
1263,facetheclimateemergency,climate,1
1264,climateemergenecy,technology,1
1265,climateemergenecy,antarctica,1
1266,climateemergenecy,solarpanels,1
1267,climateemergenecy,solar,1
1268,climateemergenecy,justrecovery,1
1269,climateemergenecy,CleanTech,1
1270,climateemergenecy,greenenergy,1
1271,climateemergenecy,denmark,1
1272,climateemergenecy,wasteless,1
1273,climateemergenecy,climate,1
1274,climateemergenecy,cleantech,1
1275,climateemergenecy,climatechange,1
1276,climateemergenecy,greennewdeal,1
1277,climateemergenecy,climatecrisis,1
1278,climateemergenecy,sustainable,1
1279,climateemergenecy,wind,1
1280,climateemergenecy,sustainability,1
1281,climateemergenecy,renewables,1
1282,climateemergenecy,cdnpoli,1
1283,climateemergenecy,climatestrike,1
1284,climateemergenecy,garbagepatch,1
1285,keepitintheground,climatechange,1
1286,keepitintheground,climatestrike,1
1287,keepitintheground,climatecrisis,1
1288,keepitintheground,globalwarming,1
1289,keepitintheground,emissions,1
1290,keepitintheground,environmental,1
1291,keepitintheground,greenhouse,1
1292,keepitintheground,pollution,1
1293,keepitintheground,fridaysforfuture,1
1294,keepitintheground,schoolstrike4climate,1
1295,keepitintheground,renewables,1
1296,keepitintheground,ecocide,1
1297,keepitintheground,climate,1
1298,stayathome,climatestrikeonline,1
1299,stayathome,fridaysforfuture,1
1300,stayathome,schoolstrike4climate,1
1301,cleantech,technology,1
1302,cleantech,antarctica,1
1303,cleantech,solarpanels,1
1304,cleantech,climateresilienteurope,1
1305,cleantech,solar,1
1306,cleantech,justrecovery,1
1307,cleantech,climateneutraleu,1
1308,cleantech,eugreendeal,1
1309,cleantech,CleanTech,2
1310,cleantech,greenenergy,1
1311,cleantech,denmark,1
1312,cleantech,wasteless,1
1313,cleantech,climate,1
1314,cleantech,euadaptationstrategy,1
1315,cleantech,climatechange,2
1316,cleantech,greennewdeal,1
1317,cleantech,climatecrisis,1
1318,cleantech,sustainable,1
1319,cleantech,euhaveyoursay,1
1320,cleantech,wind,1
1321,cleantech,sustainability,1
1322,cleantech,renewables,1
1323,cleantech,cdnpoli,1
1324,cleantech,climatestrike,1
1325,cleantech,garbagepatch,1
1326,flowers,wrapping,1
1327,flowers,storage,1
1328,flowers,crafting,1
1329,flowers,greenplanet,1
1330,flowers,book,1
1331,flowers,sharingsolutions,1
1332,flowers,naturenow,1
1333,flowers,questionnaire,1
1334,flowers,fornature,1
1335,flowers,sustainable,1
1336,flowers,climatecrisis,1
1337,flowers,zerowaste,1
1338,flowers,savetheplanet,1
1339,flowers,sdgs,1
1340,flowers,ashtag,1
1341,flowers,vinegar,1
1342,flowers,actonclimatechange,1
1343,flowers,emails,1
1344,flowers,365sustainabledecisions,1
1345,flowers,sustainability,1
1346,flowers,art,1
1347,flowers,upcycling,1
1348,flowers,insects,1
1349,flowers,environmentallyfriendly,1
1350,giveaway,win,1
1351,thelittletrashmaid,savetheplanet,1
1352,dolphin,aatmanirbharbharat,1
1353,dolphin,conservation,1
1354,dolphin,projectlion,1
1355,dolphin,dolphins,1
1356,euhaveyoursay,eugreendeal,1
1357,euhaveyoursay,euadaptationstrategy,1
1358,euhaveyoursay,climatechange,1
1359,euhaveyoursay,CleanTech,1
1360,euhaveyoursay,climateresilienteurope,1
1361,euhaveyoursay,climateneutraleu,1
1362,actonclimatechange,wrapping,1
1363,actonclimatechange,storage,1
1364,actonclimatechange,crafting,1
1365,actonclimatechange,greenplanet,1
1366,actonclimatechange,book,1
1367,actonclimatechange,sharingsolutions,1
1368,actonclimatechange,naturenow,1
1369,actonclimatechange,questionnaire,1
1370,actonclimatechange,fornature,1
1371,actonclimatechange,sustainable,1
1372,actonclimatechange,climatecrisis,1
1373,actonclimatechange,zerowaste,1
1374,actonclimatechange,savetheplanet,1
1375,actonclimatechange,sdgs,1
1376,actonclimatechange,ashtag,1
1377,actonclimatechange,vinegar,1
1378,actonclimatechange,emails,1
1379,actonclimatechange,365sustainabledecisions,1
1380,actonclimatechange,sustainability,1
1381,actonclimatechange,art,1
1382,actonclimatechange,upcycling,1
1383,actonclimatechange,insects,1
1384,actonclimatechange,environmentallyfriendly,1
1385,wind,technology,1
1386,wind,antarctica,1
1387,wind,solarpanels,1
1388,wind,solar,1
1389,wind,justrecovery,1
1390,wind,CleanTech,1
1391,wind,greenenergy,1
1392,wind,denmark,1
1393,wind,wasteless,1
1394,wind,climate,1
1395,wind,climatechange,1
1396,wind,greennewdeal,1
1397,wind,climatecrisis,1
1398,wind,sustainable,1
1399,wind,sustainability,1
1400,wind,renewables,1
1401,wind,cdnpoli,1
1402,wind,climatestrike,1
1403,wind,garbagepatch,1
1404,365sustainabledecisions,wrapping,1
1405,365sustainabledecisions,storage,1
1406,365sustainabledecisions,crafting,1
1407,365sustainabledecisions,greenplanet,1
1408,365sustainabledecisions,book,1
1409,365sustainabledecisions,sharingsolutions,1
1410,365sustainabledecisions,naturenow,1
1411,365sustainabledecisions,questionnaire,1
1412,365sustainabledecisions,fornature,1
1413,365sustainabledecisions,sustainable,1
1414,365sustainabledecisions,climatecrisis,1
1415,365sustainabledecisions,zerowaste,1
1416,365sustainabledecisions,savetheplanet,1
1417,365sustainabledecisions,sdgs,1
1418,365sustainabledecisions,ashtag,1
1419,365sustainabledecisions,vinegar,1
1420,365sustainabledecisions,emails,1
1421,365sustainabledecisions,sustainability,1
1422,365sustainabledecisions,art,1
1423,365sustainabledecisions,upcycling,1
1424,365sustainabledecisions,insects,1
1425,365sustainabledecisions,environmentallyfriendly,1
1426,sustainability,technology,1
1427,sustainability,solarpanels,1
1428,sustainability,industry40,1
1429,sustainability,crafting,1
1430,sustainability,greenplanet,1
1431,sustainability,cauverycalling,1
1432,sustainability,sharingsolutions,1
1433,sustainability,greenenergy,1
1434,sustainability,innovation,1
1435,sustainability,climate,1
1436,sustainability,fornature,1
1437,sustainability,climatechange,2
1438,sustainability,greentechnology,1
1439,sustainability,ocean,1
1440,sustainability,sustainable,2
1441,sustainability,newzealand,1
1442,sustainability,globalwarming,1
1443,sustainability,ashtag,1
1444,sustainability,vinegar,1
1445,sustainability,emails,1
1446,sustainability,living,1
1447,sustainability,renewables,2
1448,sustainability,environmentallyfriendly,1
1449,sustainability,garbagepatch,1
1450,sustainability,antarctica,1
1451,sustainability,wrapping,1
1452,sustainability,storage,1
1453,sustainability,solar,1
1454,sustainability,carbon,1
1455,sustainability,justrecovery,1
1456,sustainability,book,1
1457,sustainability,naturenow,1
1458,sustainability,CleanTech,1
1459,sustainability,denmark,1
1460,sustainability,wasteless,1
1461,sustainability,greennewdeal,1
1462,sustainability,climatecrisis,2
1463,sustainability,zerowaste,1
1464,sustainability,savetheplanet,1
1465,sustainability,sdgs,1
1466,sustainability,emissions,1
1467,sustainability,health,1
1468,sustainability,conservation,1
1469,sustainability,art,1
1470,sustainability,upcycling,1
1471,sustainability,cdnpoli,1
1472,sustainability,climatestrike,1
1473,sustainability,insects,1
1474,sustainability,questionnaire,1
1475,conservation,aatmanirbharbharat,1
1476,conservation,climatechange,2
1477,conservation,ocean,1
1478,conservation,projectlion,1
1479,conservation,boop,1
1480,conservation,globalwarming,1
1481,conservation,carbon,1
1482,conservation,emissions,1
1483,conservation,health,1
1484,conservation,living,1
1485,conservation,renewables,1
1486,conservation,dolphins,1
1487,conservation,climate,1
1488,resetforbiking,floods,1
1489,resetforbiking,walking,1
1490,resetforbiking,bicycle,1
1491,resetforbiking,smogtowers,1
1492,resetforbiking,climatecrisis,1
1493,resetforbiking,ebikes,1
1494,resetforbiking,fridaysforfuture,1
1495,resetforbiking,bikelife,1
1496,resetforbiking,cycling,1
1497,resetforbiking,delhi,1
1498,resetforbiking,climatestrike,1
1499,resetforbiking,eia2020draft,1
1500,resetforbiking,drought,1
1501,climatechangeisreal,climatestrikeonline,1
1502,climatechangeisreal,climatechange,1
1503,climatechangeisreal,stayhomestaysafe,1
1504,climatechangeisreal,fridaysforfuture,1
1505,climatechangeisreal,schoolstrike4climate,1
1506,climatechangeisreal,onebilliontreesforafrica,1
1507,climatechangeisreal,climatestrike,1
1508,climatechangeisreal,fridaythoughts,1
1509,climatechangeisreal,climate,1
1510,onebilliontreesforafrica,climatestrikeonline,1
1511,onebilliontreesforafrica,climatechange,1
1512,onebilliontreesforafrica,stayhomestaysafe,1
1513,onebilliontreesforafrica,fridaysforfuture,1
1514,onebilliontreesforafrica,schoolstrike4climate,1
1515,onebilliontreesforafrica,climatestrike,1
1516,onebilliontreesforafrica,fridaythoughts,1
1517,onebilliontreesforafrica,climate,1
1518,protectourcoast,ocean,1
1519,protectourcoast,breakfreefromplastic,1
1520,jaihind,greenindiachallage,1
1521,jaihind,greenmitti,1
1522,jaihind,seedganesha,1
1523,jaihind,ecofriendly,1
1524,cdnpoli,technology,1
1525,cdnpoli,antarctica,1
1526,cdnpoli,solarpanels,1
1527,cdnpoli,solar,1
1528,cdnpoli,justrecovery,1
1529,cdnpoli,CleanTech,1
1530,cdnpoli,greenenergy,1
1531,cdnpoli,denmark,1
1532,cdnpoli,wasteless,1
1533,cdnpoli,climate,1
1534,cdnpoli,climatechange,1
1535,cdnpoli,greennewdeal,1
1536,cdnpoli,climatecrisis,1
1537,cdnpoli,sustainable,1
1538,cdnpoli,renewables,1
1539,cdnpoli,climatestrike,1
1540,cdnpoli,garbagepatch,1
1541,climatestrike,technology,1
1542,climatestrike,smogtowers,1
1543,climatestrike,solarpanels,1
1544,climatestrike,greenenergy,1
1545,climatestrike,climate,2
1546,climatestrike,climatestrikeonline,2
1547,climatestrike,climatechange,2
1548,climatestrike,bicycle,1
1549,climatestrike,sustainable,1
1550,climatestrike,stayhomestaysafe,1
1551,climatestrike,renewables,1
1552,climatestrike,delhi,1
1553,climatestrike,eia2020draft,1
1554,climatestrike,fridaythoughts,1
1555,climatestrike,garbagepatch,1
1556,climatestrike,floods,1
1557,climatestrike,antarctica,1
1558,climatestrike,solar,1
1559,climatestrike,justrecovery,1
1560,climatestrike,fridaysforfuture,4
1561,climatestrike,bikelife,1
1562,climatestrike,CleanTech,1
1563,climatestrike,denmark,1
1564,climatestrike,wasteless,1
1565,climatestrike,walking,1
1566,climatestrike,greennewdeal,1
1567,climatestrike,climatecrisis,2
1568,climatestrike,ebikes,1
1569,climatestrike,schoolstrike4climate,3
1570,climatestrike,cycling,1
1571,climatestrike,drought,1
1572,insects,wrapping,1
1573,insects,storage,1
1574,insects,crafting,1
1575,insects,greenplanet,1
1576,insects,book,1
1577,insects,sharingsolutions,1
1578,insects,naturenow,1
1579,insects,questionnaire,1
1580,insects,fornature,1
1581,insects,sustainable,1
1582,insects,climatecrisis,1
1583,insects,zerowaste,1
1584,insects,savetheplanet,1
1585,insects,sdgs,1
1586,insects,ashtag,1
1587,insects,vinegar,1
1588,insects,emails,1
1589,insects,art,1
1590,insects,upcycling,1
1591,insects,environmentallyfriendly,1
1592,ecofriendly,greenindiachallage,1
1593,ecofriendly,greenmitti,1
1594,ecofriendly,seedganesha,1
1595,drought,floods,1
1596,drought,walking,1
1597,drought,bicycle,1
1598,drought,smogtowers,1
1599,drought,climatecrisis,1
1600,drought,ebikes,1
1601,drought,fridaysforfuture,1
1602,drought,bikelife,1
1603,drought,cycling,1
1604,drought,delhi,1
1605,drought,eia2020draft,1
1606,technology,antarctica,1
1607,technology,solarpanels,1
1608,technology,solar,1
1609,technology,justrecovery,1
1610,technology,CleanTech,1
1611,technology,greenenergy,1
1612,technology,denmark,1
1613,technology,wasteless,1
1614,technology,climate,1
1615,technology,climatechange,1
1616,technology,greennewdeal,1
1617,technology,climatecrisis,1
1618,technology,sustainable,1
1619,technology,renewables,1
1620,technology,garbagepatch,1
1621,greenindiachallage,greenmitti,1
1622,greenindiachallage,seedganesha,1
1623,smogtowers,floods,1
1624,smogtowers,walking,1
1625,smogtowers,bicycle,1
1626,smogtowers,climatecrisis,1
1627,smogtowers,ebikes,1
1628,smogtowers,fridaysforfuture,1
1629,smogtowers,bikelife,1
1630,smogtowers,cycling,1
1631,smogtowers,delhi,1
1632,smogtowers,eia2020draft,1
1633,solarpanels,antarctica,1
1634,solarpanels,solar,1
1635,solarpanels,justrecovery,1
1636,solarpanels,CleanTech,1
1637,solarpanels,greenenergy,1
1638,solarpanels,denmark,1
1639,solarpanels,wasteless,1
1640,solarpanels,climate,1
1641,solarpanels,climatechange,1
1642,solarpanels,greennewdeal,1
1643,solarpanels,climatecrisis,1
1644,solarpanels,sustainable,1
1645,solarpanels,renewables,1
1646,solarpanels,garbagepatch,1
1647,industry40,greentechnology,1
1648,industry40,newzealand,1
1649,industry40,innovation,1
1650,ignoreresilientrecovery,climatechange,1
1651,ignoreresilientrecovery,renewables,1
1652,ignoreresilientrecovery,climate,1
1653,environmental,greenhouse,1
1654,environmental,pollution,1
1655,environmental,climatechange,1
1656,environmental,climatecrisis,1
1657,environmental,renewables,1
1658,environmental,globalwarming,1
1659,environmental,emissions,1
1660,environmental,ecocide,1
1661,environmental,climate,1
1662,crafting,wrapping,1
1663,crafting,storage,1
1664,crafting,greenplanet,1
1665,crafting,book,1
1666,crafting,sharingsolutions,1
1667,crafting,naturenow,1
1668,crafting,questionnaire,1
1669,crafting,fornature,1
1670,crafting,sustainable,1
1671,crafting,climatecrisis,1
1672,crafting,zerowaste,1
1673,crafting,savetheplanet,1
1674,crafting,sdgs,1
1675,crafting,ashtag,1
1676,crafting,vinegar,1
1677,crafting,emails,1
1678,crafting,art,1
1679,crafting,upcycling,1
1680,crafting,environmentallyfriendly,1
1681,eugreendeal,euadaptationstrategy,1
1682,eugreendeal,climatechange,1
1683,eugreendeal,CleanTech,1
1684,eugreendeal,climateresilienteurope,1
1685,eugreendeal,climateneutraleu,1
1686,greenplanet,wrapping,1
1687,greenplanet,storage,1
1688,greenplanet,book,1
1689,greenplanet,sharingsolutions,1
1690,greenplanet,naturenow,1
1691,greenplanet,questionnaire,1
1692,greenplanet,fornature,1
1693,greenplanet,sustainable,1
1694,greenplanet,climatecrisis,1
1695,greenplanet,zerowaste,1
1696,greenplanet,savetheplanet,1
1697,greenplanet,sdgs,1
1698,greenplanet,ashtag,1
1699,greenplanet,vinegar,1
1700,greenplanet,emails,1
1701,greenplanet,art,1
1702,greenplanet,upcycling,1
1703,greenplanet,environmentallyfriendly,1
1704,greenmitti,seedganesha,1
1705,sharingsolutions,wrapping,1
1706,sharingsolutions,storage,1
1707,sharingsolutions,book,1
1708,sharingsolutions,naturenow,1
1709,sharingsolutions,questionnaire,1
1710,sharingsolutions,fornature,1
1711,sharingsolutions,sustainable,1
1712,sharingsolutions,climatecrisis,1
1713,sharingsolutions,zerowaste,1
1714,sharingsolutions,savetheplanet,1
1715,sharingsolutions,sdgs,1
1716,sharingsolutions,ashtag,1
1717,sharingsolutions,vinegar,1
1718,sharingsolutions,emails,1
1719,sharingsolutions,art,1
1720,sharingsolutions,upcycling,1
1721,sharingsolutions,environmentallyfriendly,1
1722,greenenergy,antarctica,1
1723,greenenergy,solar,1
1724,greenenergy,justrecovery,1
1725,greenenergy,CleanTech,1
1726,greenenergy,denmark,1
1727,greenenergy,wasteless,1
1728,greenenergy,climate,1
1729,greenenergy,climatechange,1
1730,greenenergy,greennewdeal,1
1731,greenenergy,climatecrisis,1
1732,greenenergy,sustainable,1
1733,greenenergy,renewables,1
1734,greenenergy,garbagepatch,1
1735,calltoearth,globalwarming,1
1736,safaikarmachari,ocean,1
1737,innovation,greentechnology,1
1738,innovation,newzealand,1
1739,climate,antarctica,1
1740,climate,solar,1
1741,climate,justrecovery,1
1742,climate,fridaysforfuture,1
1743,climate,CleanTech,1
1744,climate,denmark,1
1745,climate,wasteless,1
1746,climate,ecocide,1
1747,climate,climatestrikeonline,1
1748,climate,climatechange,6
1749,climate,greennewdeal,1
1750,climate,climatecrisis,2
1751,climate,sustainable,1
1752,climate,globalwarming,2
1753,climate,stayhomestaysafe,1
1754,climate,emissions,1
1755,climate,greenhouse,1
1756,climate,pollution,1
1757,climate,fridaythoughts,1
1758,climate,schoolstrike4climate,1
1759,climate,renewables,3
1760,climate,garbagepatch,1
1761,fornature,wrapping,1
1762,fornature,storage,1
1763,fornature,book,1
1764,fornature,naturenow,1
1765,fornature,questionnaire,1
1766,fornature,sustainable,1
1767,fornature,climatecrisis,1
1768,fornature,zerowaste,1
1769,fornature,savetheplanet,1
1770,fornature,sdgs,1
1771,fornature,ashtag,1
1772,fornature,vinegar,1
1773,fornature,emails,1
1774,fornature,art,1
1775,fornature,upcycling,1
1776,fornature,environmentallyfriendly,1
1777,aatmanirbharbharat,projectlion,1
1778,aatmanirbharbharat,dolphins,1
1779,euadaptationstrategy,climatechange,1
1780,euadaptationstrategy,CleanTech,1
1781,euadaptationstrategy,climateresilienteurope,1
1782,euadaptationstrategy,climateneutraleu,1
1783,climatechange,ocean,1
1784,climatechange,climatestrikeonline,1
1785,climatechange,sustainable,1
1786,climatechange,globalwarming,2
1787,climatechange,stayhomestaysafe,1
1788,climatechange,living,1
1789,climatechange,renewables,4
1790,climatechange,climateresilienteurope,1
1791,climatechange,fridaythoughts,1
1792,climatechange,garbagepatch,1
1793,climatechange,antarctica,1
1794,climatechange,solar,1
1795,climatechange,carbon,1
1796,climatechange,justrecovery,1
1797,climatechange,climateneutraleu,1
1798,climatechange,fridaysforfuture,1
1799,climatechange,CleanTech,2
1800,climatechange,denmark,1
1801,climatechange,wasteless,1
1802,climatechange,ecocide,1
1803,climatechange,greennewdeal,1
1804,climatechange,climatecrisis,2
1805,climatechange,emissions,2
1806,climatechange,greenhouse,1
1807,climatechange,pollution,1
1808,climatechange,health,1
1809,climatechange,schoolstrike4climate,1
1810,ocean,breakfreefromplastic,1
1811,ocean,globalwarming,1
1812,ocean,carbon,1
1813,ocean,emissions,1
1814,ocean,health,1
1815,ocean,living,1
1816,ocean,renewables,1
1817,greentechnology,newzealand,1
1818,climatestrikeonline,stayhomestaysafe,1
1819,climatestrikeonline,fridaysforfuture,3
1820,climatestrikeonline,schoolstrike4climate,3
1821,climatestrikeonline,fridaythoughts,1
1822,sustainable,ashtag,1
1823,sustainable,vinegar,1
1824,sustainable,emails,1
1825,sustainable,renewables,1
1826,sustainable,garbagepatch,1
1827,sustainable,environmentallyfriendly,1
1828,sustainable,antarctica,1
1829,sustainable,wrapping,1
1830,sustainable,storage,1
1831,sustainable,solar,1
1832,sustainable,justrecovery,1
1833,sustainable,book,1
1834,sustainable,naturenow,1
1835,sustainable,CleanTech,1
1836,sustainable,denmark,1
1837,sustainable,wasteless,1
1838,sustainable,greennewdeal,1
1839,sustainable,climatecrisis,2
1840,sustainable,zerowaste,1
1841,sustainable,savetheplanet,1
1842,sustainable,sdgs,1
1843,sustainable,art,1
1844,sustainable,upcycling,1
1845,sustainable,questionnaire,1
1846,bicycle,floods,1
1847,bicycle,walking,1
1848,bicycle,climatecrisis,1
1849,bicycle,ebikes,1
1850,bicycle,fridaysforfuture,1
1851,bicycle,bikelife,1
1852,bicycle,cycling,1
1853,bicycle,delhi,1
1854,bicycle,eia2020draft,1
1855,globalwarming,climatecrisis,1
1856,globalwarming,carbon,1
1857,globalwarming,emissions,2
1858,globalwarming,greenhouse,1
1859,globalwarming,pollution,1
1860,globalwarming,health,1
1861,globalwarming,living,1
1862,globalwarming,renewables,2
1863,globalwarming,ecocide,1
1864,stayhomestaysafe,fridaysforfuture,1
1865,stayhomestaysafe,schoolstrike4climate,1
1866,stayhomestaysafe,fridaythoughts,1
1867,ashtag,wrapping,1
1868,ashtag,storage,1
1869,ashtag,book,1
1870,ashtag,naturenow,1
1871,ashtag,questionnaire,1
1872,ashtag,climatecrisis,1
1873,ashtag,zerowaste,1
1874,ashtag,savetheplanet,1
1875,ashtag,sdgs,1
1876,ashtag,vinegar,1
1877,ashtag,emails,1
1878,ashtag,art,1
1879,ashtag,upcycling,1
1880,ashtag,environmentallyfriendly,1
1881,vinegar,wrapping,1
1882,vinegar,storage,1
1883,vinegar,book,1
1884,vinegar,naturenow,1
1885,vinegar,questionnaire,1
1886,vinegar,climatecrisis,1
1887,vinegar,zerowaste,1
1888,vinegar,savetheplanet,1
1889,vinegar,sdgs,1
1890,vinegar,emails,1
1891,vinegar,art,1
1892,vinegar,upcycling,1
1893,vinegar,environmentallyfriendly,1
1894,emails,wrapping,1
1895,emails,storage,1
1896,emails,book,1
1897,emails,naturenow,1
1898,emails,questionnaire,1
1899,emails,climatecrisis,1
1900,emails,zerowaste,1
1901,emails,savetheplanet,1
1902,emails,sdgs,1
1903,emails,art,1
1904,emails,upcycling,1
1905,emails,environmentallyfriendly,1
1906,living,health,1
1907,living,renewables,1
1908,living,emissions,1
1909,living,carbon,1
1910,renewables,antarctica,1
1911,renewables,solar,1
1912,renewables,carbon,1
1913,renewables,justrecovery,1
1914,renewables,CleanTech,1
1915,renewables,denmark,1
1916,renewables,wasteless,1
1917,renewables,ecocide,1
1918,renewables,greennewdeal,1
1919,renewables,climatecrisis,2
1920,renewables,emissions,3
1921,renewables,greenhouse,1
1922,renewables,pollution,1
1923,renewables,health,1
1924,renewables,garbagepatch,1
1925,delhi,floods,1
1926,delhi,walking,1
1927,delhi,climatecrisis,1
1928,delhi,ebikes,1
1929,delhi,fridaysforfuture,1
1930,delhi,bikelife,1
1931,delhi,cycling,1
1932,delhi,eia2020draft,1
1933,eia2020draft,floods,1
1934,eia2020draft,walking,1
1935,eia2020draft,climatecrisis,1
1936,eia2020draft,ebikes,1
1937,eia2020draft,fridaysforfuture,1
1938,eia2020draft,bikelife,1
1939,eia2020draft,cycling,1
1940,climateresilienteurope,CleanTech,1
1941,climateresilienteurope,climateneutraleu,1
1942,fridaythoughts,fridaysforfuture,1
1943,fridaythoughts,schoolstrike4climate,1
1944,environmentallyfriendly,wrapping,1
1945,environmentallyfriendly,storage,1
1946,environmentallyfriendly,book,1
1947,environmentallyfriendly,naturenow,1
1948,environmentallyfriendly,questionnaire,1
1949,environmentallyfriendly,climatecrisis,1
1950,environmentallyfriendly,zerowaste,1
1951,environmentallyfriendly,savetheplanet,1
1952,environmentallyfriendly,sdgs,1
1953,environmentallyfriendly,art,1
1954,environmentallyfriendly,upcycling,1
1955,garbagepatch,antarctica,1
1956,garbagepatch,solar,1
1957,garbagepatch,justrecovery,1
1958,garbagepatch,CleanTech,1
1959,garbagepatch,denmark,1
1960,garbagepatch,wasteless,1
1961,garbagepatch,greennewdeal,1
1962,garbagepatch,climatecrisis,1
1963,floods,walking,1
1964,floods,climatecrisis,1
1965,floods,ebikes,1
1966,floods,fridaysforfuture,1
1967,floods,bikelife,1
1968,floods,cycling,1
1969,antarctica,solar,1
1970,antarctica,justrecovery,1
1971,antarctica,CleanTech,1
1972,antarctica,denmark,1
1973,antarctica,wasteless,1
1974,antarctica,greennewdeal,1
1975,antarctica,climatecrisis,1
1976,wrapping,storage,1
1977,wrapping,book,1
1978,wrapping,naturenow,1
1979,wrapping,questionnaire,1
1980,wrapping,climatecrisis,1
1981,wrapping,zerowaste,1
1982,wrapping,savetheplanet,1
1983,wrapping,sdgs,1
1984,wrapping,art,1
1985,wrapping,upcycling,1
1986,storage,book,1
1987,storage,naturenow,1
1988,storage,questionnaire,1
1989,storage,climatecrisis,1
1990,storage,zerowaste,1
1991,storage,savetheplanet,1
1992,storage,sdgs,1
1993,storage,art,1
1994,storage,upcycling,1
1995,solar,justrecovery,1
1996,solar,CleanTech,1
1997,solar,denmark,1
1998,solar,wasteless,1
1999,solar,greennewdeal,1
2000,solar,climatecrisis,1
2001,carbon,health,1
2002,carbon,emissions,1
2003,justrecovery,CleanTech,1
2004,justrecovery,denmark,1
2005,justrecovery,wasteless,1
2006,justrecovery,greennewdeal,1
2007,justrecovery,climatecrisis,1
2008,climateneutraleu,CleanTech,1
2009,fridaysforfuture,bikelife,1
2010,fridaysforfuture,walking,1
2011,fridaysforfuture,climatecrisis,1
2012,fridaysforfuture,ebikes,1
2013,fridaysforfuture,schoolstrike4climate,4
2014,fridaysforfuture,cycling,1
2015,book,naturenow,1
2016,book,questionnaire,1
2017,book,climatecrisis,1
2018,book,zerowaste,1
2019,book,savetheplanet,1
2020,book,sdgs,1
2021,book,art,1
2022,book,upcycling,1
2023,naturenow,questionnaire,1
2024,naturenow,climatecrisis,1
2025,naturenow,zerowaste,1
2026,naturenow,savetheplanet,1
2027,naturenow,sdgs,1
2028,naturenow,art,1
2029,naturenow,upcycling,1
2030,bikelife,walking,1
2031,bikelife,climatecrisis,1
2032,bikelife,ebikes,1
2033,bikelife,cycling,1
2034,CleanTech,denmark,1
2035,CleanTech,wasteless,1
2036,CleanTech,greennewdeal,1
2037,CleanTech,climatecrisis,1
2038,denmark,wasteless,1
2039,denmark,greennewdeal,1
2040,denmark,climatecrisis,1
2041,wasteless,greennewdeal,1
2042,wasteless,climatecrisis,1
2043,ecocide,greenhouse,1
2044,ecocide,pollution,1
2045,ecocide,climatecrisis,1
2046,ecocide,emissions,1
2047,walking,climatecrisis,1
2048,walking,ebikes,1
2049,walking,cycling,1
2050,projectlion,dolphins,1
2051,greennewdeal,climatecrisis,1
2052,climatecrisis,zerowaste,1
2053,climatecrisis,savetheplanet,1
2054,climatecrisis,sdgs,1
2055,climatecrisis,emissions,1
2056,climatecrisis,greenhouse,1
2057,climatecrisis,ebikes,1
2058,climatecrisis,pollution,1
2059,climatecrisis,art,1
2060,climatecrisis,upcycling,1
2061,climatecrisis,cycling,1
2062,climatecrisis,questionnaire,1
2063,zerowaste,questionnaire,1
2064,zerowaste,savetheplanet,1
2065,zerowaste,sdgs,1
2066,zerowaste,art,1
2067,zerowaste,upcycling,1
2068,savetheplanet,questionnaire,1
2069,savetheplanet,sdgs,1
2070,savetheplanet,art,1
2071,savetheplanet,upcycling,1
2072,sdgs,questionnaire,1
2073,sdgs,art,1
2074,sdgs,upcycling,1
2075,emissions,greenhouse,1
2076,emissions,pollution,2
2077,emissions,health,1
2078,pollution,greenhouse,1
2079,ebikes,cycling,1
2080,art,questionnaire,1
2081,art,upcycling,1
2082,upcycling,questionnaire,1
